Name,Rating,FIDE ID,Birthday,Sex,Country
Aaron Wangai Warui,1438,10847774,2007,M,KEN
Abala Jeremy,1713,10896325,2007,M,KEN
Abel Taji,1732,10815244,2011,M,KEN
Aberi Shem,1785,10816496,2000,M,KEN
Abigail Wairimu Thuo,1435,10807950,2000,F,KEN
Abiolla James,1651,10819495,1990,M,KEN
"Abur, Lyndah Amollo",1588,10800425,1983,F,KEN
Achachi Ausine,1633,10849114,2001,M,KEN
"Acham, Kevin Mark",1812,10802215,1991,M,KEN
Achol Agot,1702,554009073,2002,M,KEN
Adai Rodgers,1791,10820752,1962,M,KEN
Adam Omenda Gakahu,1622,10830219,1998,M,KEN
"Adam, Aslam",2205,10800042,1955,M,KEN
"Adan, Abdul Roba",1858,10814892,1991,M,KEN
"Adan, Mohammed",1592,10812148,2000,M,KEN
Adhiambo Edna Onyango,1502,10808515,1994,F,KEN
Adiel Kipkorir,1528,10825665,2011,M,KEN
Adim Adim Ayok,1730,10816020,1992,M,KEN
Aditi Amar Pandey,1496,10831720,2009,F,KEN
"Adorwa, Brian Kadenge",1833,10801634,1985,M,KEN
Adrian Kariuki,1520,10806350,2013,M,KEN
Adrian Ongeri,1751,10855386,2010,M,KEN
Adriel Baraka,1437,10852832,2016,M,KEN
Aduma Melivin,1466,10834702,2011,M,KEN
"Agarwal, Reyansh",1543,10832459,2010,M,KEN
Agnes Mary,1638,10839097,2010,F,KEN
Aigbedion Nosakhare Jeremiah,1762,10828109,1994,M,KEN
Akama Job,1450,10844511,2002,M,KEN
"Akello, Wellington",1656,10811869,1994,M,KEN
"Akhanyinya, Bryan Toboso",1823,10802061,1986,M,KEN
"Alando, Mark",1689,10811389,2006,M,KEN
Alex Kiama,1462,10805729,1998,M,KEN
Alex Kipkoech,1760,10847790,2007,M,KEN
Allan Otieno,1722,10803122,1980,M,KEN
Allan Tulienge,1807,10803726,1980,M,KEN
"Aloyo, Paul",1765,10811230,1990,M,KEN
Alvin Mbithi,1687,10809171,1999,M,KEN
Alvynah Wabwoba,1599,10816038,1998,F,KEN
"Amatalo, Moses Abasa",1820,10805842,1984,M,KEN
Amos Ochieng,1749,10831738,1998,M,KEN
Amos Owino,1633,10898107,2001,M,KEN
Amos Wayne,1702,10895000,2005,M,KEN
Amsy Kelvin,1618,10832238,1999,M,KEN
"Amunga, Givans",1817,10802444,1971,M,KEN
"Amwai, Tom",1730,10803670,1985,M,KEN
"Andanje, Lawrence",1683,10811427,1995,M,KEN
"Andiwoh, Moses",1808,10801502,1982,M,KEN
"Andolo, Humphrey",2086,10800107,,M,KEN
Andrew Owili,1649,10805915,1988,M,KEN
Andrew Sogomo,1653,10815856,1997,M,KEN
Andy Johnz Kimani,1580,10860975,2012,M,KEN
Andy Zane Wright,1487,10852956,2016,M,KEN
Anika Robert,1760,10809619,1993,M,KEN
Anindo Andericus,1560,10833382,2012,M,KEN
Anusu Timothy Cerrulo,1585,10831070,2008,M,KEN
"Anyango, Mike Obiero",1744,10804226,1980,M,KEN
Anyangu Harris,1691,10832203,1990,M,KEN
Apamo Shem Mali,1618,10842659,2014,M,KEN
Apollo Alier,1690,10845194,2000,M,KEN
Apondi Ashley,1509,10836977,2002,F,KEN
Arianne Hera Ngani,1540,10827986,2011,F,KEN
"Arigi, Jackim",1627,10802398,1980,M,KEN
Ariri Meshack,1624,10821210,2000,M,KEN
Armon Sein,1634,10802371,1992,M,KEN
Arshavin Thuku,1462,10894411,2011,M,KEN
Arthur kariuki,1731,10809139,1994,M,KEN
"Arul, Samesh",1622,14318024,2005,M,KEN
"Asiema, Isabelle",1686,10800565,1993,F,KEN
Atarah Wright,1460,10862439,2013,F,KEN
Atego Elphace,1589,10829121,1986,M,KEN
"Ateka, Nathan",2131,10800131,,M,KEN
"Atem Gak, Ngong",1911,10891420,2006,M,KEN
Atem Thomas,1585,10827552,1998,M,KEN
Athanga Daniel Kizito,1615,10839682,2002,M,KEN
"Atiagaga, Edagiza Aristone",1506,10809279,2005,M,KEN
"Atiagaga, Laurecia Minage",1411,10809260,2007,F,KEN
"Atiagaga, Shem Vilembwa",1639,10802762,1980,M,KEN
Atieli Kennedy John,1433,10824375,2004,M,KEN
Atieno Ashley,1452,10849068,2001,F,KEN
Atong Flavien,1428,10837370,1993,M,KEN
"Atwoli, Joseph",1902,10800816,1982,M,KEN
Aviah Mutua,1644,10861106,2012,M,KEN
"Awinja, Easter Judith",1668,10807055,1993,F,KEN
Awuor Concillia Ndegwa,1589,10828818,1995,F,KEN
Baden Fred Eric,1463,10839330,2000,M,KEN
Baraka Arunga,1684,10841792,2008,M,KEN
Baraka Moses,1483,10845003,2008,M,KEN
Baraka Victor Gagne,1766,10840966,2005,M,KEN
Bariu Harry Ngalu,1658,10826742,2003,M,KEN
"Bejon, Moses",1707,10818316,2007,M,KEN
Ben Otieno Omondi,1608,10805850,1979,M,KEN
Benard Nguha Wakarindi,1769,554005930,2002,M,KEN
Berita Atemo,1596,10816062,1990,F,KEN
"Bett, Gilbert",1688,10814906,1990,M,KEN
"Bhari, Kamaljeet Singh",1628,10800573,1962,M,KEN
Bhasin Garvit,1493,10842306,2008,M,KEN
Bhavsar Nisha Nileshbhai,1512,10848525,1988,F,KEN
"Bii, Edwin",1719,10811532,1991,M,KEN
Bodalikar Shivishwar,1412,10844813,2015,M,KEN
Boera Felix,1951,10818677,2000,M,KEN
"Bolo, Ronald",1753,10802711,1994,M,KEN
Boniface Wagoya,1766,10895248,2003,M,KEN
"Bonventure, Alusa",1617,10806091,1984,M,KEN
Bosire Innocent,1664,10827560,2001,M,KEN
Brayden Kariuki,1483,554005094,2009,M,KEN
Brenda Cherotich,1516,10824294,2003,F,KEN
Brian Gabriel Mwangi,1915,10818383,1998,M,KEN
Brian Kirwa Ngetich,1675,10819487,2001,M,KEN
Brielle Wairimu,1446,10862544,2012,F,KEN
"Budhbhatti, Mukund",1558,10809759,1989,M,KEN
"Buluma, David",1723,10808639,1994,M,KEN
Bungei Alex Kiplagat,1696,10841172,1991,M,KEN
Buyela Brian,1632,10829563,1998,M,KEN
"Bwire, Cyprian",1758,10811877,1996,M,KEN
"Byoga, David Martin Otude",1750,10809350,1963,M,KEN
Carlson Maragia,1486,10899014,2007,M,KEN
Caroline Wanjiru Ndegwa,1690,10826700,1997,F,KEN
Chagwaya Brenda,1446,10834605,2001,F,KEN
Chamwada Leone,1544,10839356,2004,M,KEN
Charity Kulei,1401,554005078,2008,F,KEN
Charles Mwai,1674,10825703,2000,M,KEN
Charles Waiyaki,1599,10816305,1990,M,KEN
Chazima Terence Shaka,1528,10831517,2010,M,KEN
"Chazima, Terence",1726,10801162,1970,M,KEN
"Chazima, Vincent",1760,10807063,1990,M,KEN
Chebet Staisy,1446,10835431,2012,F,KEN
Chege Ian Magu,1680,10852190,2004,M,KEN
Chege Kairu,1870,10806830,1999,M,KEN
Chege lee,1636,10827250,1998,M,KEN
Chege Mark Githinji,1701,10818189,1997,M,KEN
"Chege, Caleb",1711,10811214,1994,M,KEN
"Chege, David Machira",1642,10817522,1989,M,KEN
"Chege, Kelvin",1816,10811206,1995,M,KEN
"Chege, Samuel",1529,10815163,1975,M,KEN
"Chemnjor, Gideon Kirwa",1594,10808329,1995,M,KEN
Chepchirchir Cherry,1518,10896724,2008,F,KEN
"Chepkonga, Billy",1648,10803564,1980,M,KEN
Cherogony Elton Kipchirchir,1711,10896392,1997,M,KEN
Cherono Mercy,1709,10827471,2000,F,KEN
Cherop Kimberly,1481,10896759,2011,F,KEN
Cherotich Purity,1426,10841261,2005,F,KEN
Cheruiyot Elly,1750,10827587,2002,M,KEN
Chiluka Lingston,1658,10822968,1998,M,KEN
Chiman Garang Chiman,1838,10896350,2000,M,KEN
Chimwani John,1563,10896309,1993,M,KEN
Chirchir Rovers Kiprono,1549,10897992,2006,M,KEN
Chitundu Limbikani,1899,10829326,2000,M,KEN
Chol Lual Deng,1769,10824642,2003,M,KEN
"Christie, Karan Renold",1727,10802339,1989,M,KEN
Chumba Allan,1897,10823875,2000,M,KEN
"Chumo, Aurelia Jemutai",1451,10809457,1995,F,KEN
Chvoro Viacheslav,1753,10830987,1978,M,KEN
"Cibugu, Julien Ngalo",1502,10809198,1994,M,KEN
Claude Peter,1660,10830618,2000,M,KEN
Cliff Ben,1802,10830650,1996,M,KEN
"Coelho, Jermaine Timothy",1543,10808108,1995,M,KEN
Collins Kiruri,1743,10825711,2000,M,KEN
Collins Muoki. K,1821,10895418,2005,M,KEN
"Collins, Jerry",1757,10811192,1990,M,KEN
CORNELIUS MWIRARIA,1587,10813292,1999,M,KEN
Curtis Reuben Thuo,1483,10823700,2012,M,KEN
"Danford, Kosi",1752,10811184,1990,M,KEN
Daniel Kioko,1653,10807616,1990,M,KEN
Daniel Misiko,1896,10896376,2005,M,KEN
Danson Ryan Kimani,1634,10848533,2013,M,KEN
Darren Saviour,1682,10888128,2008,M,KEN
David Gaitho,1714,10807799,1992,M,KEN
David Nathan Macharia Kihara,1406,554000580,2008,M,KEN
David Shammah,1703,10835059,2003,M,KEN
Davies Misiko Tatuli,1414,10807730,2006,M,KEN
Debra Worthy,1429,10882251,2014,F,KEN
Deng Achol Deng,1715,554009286,1998,M,KEN
"Deng Achuoth, Atem",1986,10891536,2003,M,KEN
Deng Ayor,1703,10841148,1994,M,KEN
DENNIS KANIARU MACHOMBA,1415,10812962,2004,M,KEN
Dennis Lelaono,1658,10892621,1997,M,KEN
Dennis Mutongoi,1465,10882308,2006,M,KEN
Derrick Cheruiyot,1736,554003148,2008,M,KEN
Derry Maari,1518,10894896,2007,M,KEN
"Deshpande, Sanjana Satish",1712,10800964,1997,F,KEN
"Deshpande, Satish Nagraj",1485,10803580,1964,M,KEN
"Deshpande, Sumit Satish",1714,10800972,2002,M,KEN
DHEERAV K SHAH,1520,10813284,2006,M,KEN
Dhieu Aguin Makuach,1750,10821244,1993,M,KEN
Dimba Zahra Akongo,1521,10842560,2013,F,KEN
"Dokoria, Geoffrey",1915,10801707,1980,M,KEN
"Dominic, Carlos Kiema",1675,10818405,1995,M,KEN
Donald Kipkalya Koech,1621,10808078,2000,M,KEN
"Doshi, Rahul",1573,10817930,2003,M,KEN
Douglas Wamugunda,1651,10807802,1980,M,KEN
Duop Madit,1740,10894403,1999,M,KEN
Dylan Amwayi Oduor,1514,554003458,2011,M,KEN
Dylan Maina Muraguri,1551,10857052,2011,M,KEN
Edna Adhiambo,1537,10808990,1990,F,KEN
Edwin Odhiambo,1688,10802940,1984,M,KEN
Elias Cheruiyot,1498,10824650,2002,M,KEN
Eliel Berur,1690,10803009,1998,M,KEN
Elikaseed Quick,1720,10891692,1987,M,KEN
Elizabeth Cassidy Maina,1833,10822755,2011,F,KEN
Elvis Kipkorir,1642,10891790,1988,M,KEN
Elvis Muigai Kamau,1488,554005086,2010,M,KEN
Elvis Munene,1528,10847880,2005,M,KEN
Emmanuel Riri,1535,10833650,2002,M,KEN
Emmanuel Wanjala,1624,554009090,2002,M,KEN
Enock Momanyi,1689,554005167,1996,M,KEN
Erick Mose,1672,10817077,1998,M,KEN
Erick Nyabota,1577,10821074,1998,M,KEN
Errol Muhoro,1664,10857249,2010,M,KEN
Esther Joy Wamaitha,1632,10890610,2011,F,KEN
Etiang Meshack,1525,10845704,2008,M,KEN
Eugene Knights,1711,10896490,2001,M,KEN
Eugene Zablon,1507,10890564,2007,M,KEN
Evans Lmelita Oloishuro,1749,10896562,1995,M,KEN
Excellent Shiroko,1706,10888446,2008,M,KEN
Fabian Fabice Githinji,1574,10898182,2011,M,KEN
Fantalis Lucy Nduta,1671,10820914,2011,F,KEN
Felix Muhati,1540,10816313,1990,M,KEN
Fiona Njoroge,1456,10829270,2000,F,KEN
Flavius Hyacinth,1636,10826254,2004,F,KEN
Francis Kirite,1615,10887237,2006,M,KEN
Francis Ogoba Kipketer,1608,10847901,2006,M,KEN
Francisca Kagwiria,1548,10817085,1996,F,KEN
Franck Otieno,1552,10898000,2002,M,KEN
Fredrick Kalovwe,1540,10847910,1997,M,KEN
Fuad Issa,1820,10821902,2005,M,KEN
Gachai Danwillies,1523,10815228,2008,M,KEN
"Gachema, Maryanne",1515,10801278,1996,F,KEN
Gachenia Davis Njoroge,1557,10838287,2010,M,KEN
Gacheru Francis Nderitu,1428,10837639,2013,M,KEN
"Gahir, Ganeev Singh",1624,10809813,2008,M,KEN
Gakembu Hiram,1422,10817476,1971,M,KEN
Gaku David,1758,10815651,1990,M,KEN
Garang Dit Garang,1620,10896414,1999,M,KEN
Garang Jok Paul,1692,10833161,1990,M,KEN
"Garang, Joshua",1515,10808701,1988,M,KEN
"Gateri, Martin",2030,10800174,1969,M,KEN
Gathoni Paul Waweru,1696,10803416,1997,M,KEN
"Gathoni, Kayleen",1507,10826866,2007,F,KEN
Gekonge Gideon,1827,10896910,2005,M,KEN
George Kirimi,1659,10891820,2003,M,KEN
Gerald Aduda Obede,1588,554005663,2005,M,KEN
Getange Johnpaul,1687,10824065,2006,M,KEN
Gian Wema,1440,10850180,2015,M,KEN
Gianni Tuli,1704,10850210,2011,M,KEN
Giceha Samwel Nderitu,1611,10840230,1997,M,KEN
"Gichana, Keyshawn Elmer",1525,10835822,2013,M,KEN
Gicharu Dylan,1465,10893830,2009,M,KEN
Gicheha Kennedy,1618,10846271,2006,M,KEN
Gicheru John Wagema,1667,10815503,1973,M,KEN
"Gicheru, Kennedy Muthoni",1715,10808523,1997,M,KEN
"Gichia, Martin",1622,10803327,1980,M,KEN
Gichoya Keith,1605,10828060,2008,M,KEN
Gichoya Michelle,1437,10827994,2007,F,KEN
Gichuga Wanjiru Wanjiku,1571,10835628,2014,F,KEN
"Gichuguma, Ian Ndugu",1609,10801944,1998,M,KEN
Gichuhi Matthew Njagi,1657,10827684,1986,M,KEN
"Gichuhi, Brian Chege",1785,10807764,1999,M,KEN
Gichuki James,1641,10818391,1990,M,KEN
"Gichuki, Jeff",1761,10806504,2004,M,KEN
"Gichuru, Evelyn Wanjiru",1560,10800247,1982,F,KEN
Gikandi Bernice Wambui,1734,10825606,2011,F,KEN
Gilana Angel Muthoni,1458,10835610,2012,F,KEN
"Gilruth, Mukiri",1768,10806989,1990,M,KEN
"Gilruth, Peter",1996,2004348,1953,M,KEN
"Gisore, Daniel",1822,10811176,1990,M,KEN
Gitau Eric Ngechu,1491,10827323,1997,M,KEN
"Gitau, Raisa Wanjiku",1560,10801308,2003,F,KEN
"Githaiga, Arnold",1556,10843795,2007,M,KEN
Githiga John,1745,10834303,2000,M,KEN
"Githua, Kenneth",1695,10809376,1991,M,KEN
Githui Victor,1721,10826874,2000,M,KEN
Gitonga Austin Muthui,1474,10810277,2006,M,KEN
Gitonga Reuben,1545,10833170,1996,M,KEN
Gitonga Shadrack Muteru,1650,10830251,2005,M,KEN
"Gohil, Mehul",1990,10800999,1981,M,KEN
"Gosrani, Naiya",1599,10805397,2005,F,KEN
"Gosrani, Reeyan",1550,10805389,2007,M,KEN
Grace Mercy,1484,10844554,2003,F,KEN
Grace Ombitsa,1423,10898026,2010,F,KEN
"Grandhe, Subhika",1554,10802533,1999,F,KEN
"Gudka, Paras",1558,10801626,1983,M,KEN
"Gwada, James",1694,10811605,1985,M,KEN
"Habilov, Mushfig",1777,10803637,1975,M,KEN
Hamisi Benford Nyandoro,1686,10837515,2003,M,KEN
"Haria, Savan",1611,10808396,1994,M,KEN
Harold Irungu,1591,10894870,2006,M,KEN
Harold Mwaura Kigamba,1557,554008530,2000,M,KEN
Haroon Ahmed Shiek Dawood,1587,10829377,1994,M,KEN
Harshith Rao,1453,10803998,1998,M,KEN
"Harun, Helen",1449,10830820,2002,F,KEN
Hassan Daudi,1494,10823883,1993,M,KEN
Hawi Gregory,1522,10845305,2009,M,KEN
"Hawi, Jasper",1767,10802452,1992,M,KEN
Hezekiah Elisha,1566,10898034,2000,M,KEN
"Hinga, Githinji",1912,10801006,1978,M,KEN
"Hiranandani, Jia Rajesh",1525,10801260,2006,F,KEN
Hodel Pierre,1685,10842675,1988,M,KEN
"Hongo, Victor Machel",1739,10803491,1987,M,KEN
Hope Amana Kairo,1454,10824308,2011,F,KEN
Ian Kimani Kagiri,1455,554002540,2013,M,KEN
Ian Kimondo,1681,10852255,2006,M,KEN
Ian King,1739,10811249,1992,M,KEN
Ibrahim Zena,1472,10831010,2008,F,KEN
Ike Collins Mbugua,1543,10807977,1998,M,KEN
Ilolov Sinon,1546,10838970,2006,M,KEN
Imani Amor Oriyo,1645,10824340,2005,M,KEN
Imran Abdella,1656,10830642,2006,M,KEN
Inde Joy,1498,10844970,2013,F,KEN
"Ingado, Mercy",1663,10806601,2004,F,KEN
Irungu Brian Mwangi,1971,10815406,2002,M,KEN
Irungu Morris,1693,10845348,1999,M,KEN
"Irungu, Brian",1791,10812199,2000,M,KEN
Isaac Mucheru,1502,554008522,1995,M,KEN
Isaac Mwangi,1618,10824596,2001,M,KEN
Isaac Wepukhulu,1433,10895086,1985,M,KEN
"Isaack, Muuo",1691,10820841,1991,M,KEN
ISAIAH OTIENO OLUOCH,1751,10813020,2005,M,KEN
Israel Mutinda,1519,10853561,2013,M,KEN
Ithagi Kelvin,1705,10834311,1998,M,KEN
Ivan Ngeno,1459,10853669,2012,M,KEN
Iwoku Vanessa,1443,10838937,2011,F,KEN
"Iyer, Sathya",1514,10801073,1998,M,KEN
Jacksletter Musyoka,1648,10845666,1999,M,KEN
Jacob Mandela,1512,10854185,2013,M,KEN
Jaeger Nyamongo Omari,1495,554000017,2011,M,KEN
Jakharia Siddhi Vishal,1430,10836730,2014,F,KEN
James Emanikor,1803,10813381,1990,M,KEN
James Kariuki Muiruri,1627,10854657,2011,M,KEN
Jamie Obora Kanango,1853,10819649,2008,M,KEN
Jasmine Akinyi Ochieng,1503,10855084,2013,F,KEN
Jason Otula Kanango,1639,10819630,2006,M,KEN
Jayden Herman,1488,10855700,2013,M,KEN
Jayden Hiyari Mwamtsi,1449,554001544,2014,M,KEN
Jayden Kihuria,1404,10856102,2015,M,KEN
Jayden Kiogora Mwenda,1464,10856145,2016,M,KEN
Jayson Kimani Ndarwa,1604,10856366,2015,M,KEN
Jayson Zawadi,1457,10856340,2012,M,KEN
Jean-Christophe Mugisha,1517,10856420,2014,M,KEN
"Jemutai, Aurelia",1498,10811150,1995,F,KEN
Jepchirchir Joan,1603,10837914,2002,F,KEN
Jerrel Patisi,1742,10857508,2007,M,KEN
Jerry Okuom,1669,10805990,1992,M,KEN
Jesse Fabian,1674,10834656,2010,M,KEN
Jesse Jayden,1593,10857630,2014,M,KEN
Jethwa Shiv,1572,10844716,2008,M,KEN
Jheel Sagar Shah,1429,10857761,2014,F,KEN
Joel Okindo,1726,10806890,1990,M,KEN
Joel Thumi,1425,554002605,2012,M,KEN
John Chege,1547,10859667,2011,M,KEN
John Kamasho,1575,10816046,1990,M,KEN
John Kimani Mbugua,1650,554008557,2005,M,KEN
John Mwangi Mwai,1500,10899324,2004,M,KEN
Johnmark Mugo,1595,10840214,2000,M,KEN
Jokhim Joseph,1622,10898042,2008,M,KEN
Joseph Gathogo,1763,10892559,2001,M,KEN
Joseph Isaboke,1402,10891005,1989,M,KEN
Joseph Kimani,1407,554009103,2005,M,KEN
Joseph Masika Wanjala,1547,10847952,1993,M,KEN
Joseph Ndungu,1676,554008379,2003,M,KEN
Joshua Baraka,1557,10862919,2012,M,KEN
Josiah Katende,1593,10863141,2007,M,KEN
"Joy Muthoni Kairuthi,",1607,10863435,2011,F,KEN
Joyline Kirwa,1446,10816143,1998,F,KEN
Julie Bore,1515,10863753,2007,F,KEN
Juma Bernard,1425,10834460,1995,M,KEN
Juma Cyril Teddy,1531,10842420,1995,M,KEN
Juma Michael,1656,10830677,2008,M,KEN
"Juma, Maxwell",1784,10802983,1993,M,KEN
"Jumba, Gloria",1781,10800794,1987,F,KEN
Justin Hasani Kiiru,1471,10863893,2010,M,KEN
Justin Jabali Kamau,1628,10899332,2010,M,KEN
Justin Kariuki,1590,554006015,2005,M,KEN
Justus Ondara,1464,10863923,2012,M,KEN
Kabbis Roby,1745,10837698,2004,M,KEN
Kabechu Dennis,1432,10827790,2000,M,KEN
Kabiru Joseph,1655,10833315,1991,M,KEN
Kabogo Hammaton,1698,10833188,1997,M,KEN
"Kabogo, Victor",1464,10812490,1983,M,KEN
Kabuga Fidel Kingsley,1466,10863940,2013,M,KEN
Kabugo Njugi,1413,10839119,2014,M,KEN
"Kabugu, Njagi",1682,10806075,1981,M,KEN
Kaburo Winnie,1693,10831045,2014,F,KEN
"Kachra, Arnav Shashikant",1604,10800883,2003,M,KEN
"Kachra, Aryan Shashikant",1604,10801030,2003,M,KEN
"Kachra, Renee Shashikant",1649,10801200,2000,F,KEN
"Kachra, Shefali Shashikant",1645,10800670,2001,F,KEN
Kachwanya Kennedy Otieno,1513,10848495,1982,M,KEN
Kadenge Julia Kasei,1556,10849025,2004,F,KEN
"Kagambi, Angel",1596,10813985,2009,F,KEN
"Kagambi, Jeremiah",1576,10813934,2011,M,KEN
"Kagambi, Lawrence",1804,10800190,1964,M,KEN
"Kagambi, Samuel",1713,10814418,2007,M,KEN
"Kagondu, Brian",1738,10808957,1995,M,KEN
Kagwe Harald,1539,10834826,2012,M,KEN
Kahara Ethan Kariuki,1676,10841466,2011,M,KEN
"Kahihu, Daudi",1534,10814515,2008,M,KEN
"Kahihu, Neema",1430,10814531,2006,F,KEN
Kalati Dennis,1760,10820701,2000,M,KEN
"Kalema, Jackson Kioko",1712,10802541,1988,M,KEN
"Kaloki, Hawi",1960,10814582,2007,M,KEN
"Kaloki, Zuri",1807,10814507,2010,F,KEN
Kaloyo Charles,1603,10817964,1990,M,KEN
"Kamadi, Akidiva",1824,10803289,1980,M,KEN
Kamanda Ryan,1499,10834273,2008,M,KEN
"Kamanu, Dennis",1557,10800700,1996,M,KEN
Kamau Clement,1615,10827412,2000,M,KEN
Kamau Elijah,1553,10846506,2007,M,KEN
Kamau Ian,1648,10832211,1998,M,KEN
Kamau Kelvin Ngigi,1703,10826890,1997,M,KEN
Kamau Sam,1656,10827277,1999,M,KEN
Kamau Timothy Mwangi,1489,10890726,2000,M,KEN
Kamau Vincent Muhia,1662,10831800,2000,M,KEN
"Kamau, Charles",1777,10811133,1990,M,KEN
"Kamau, Chrispus",1792,10802789,1990,M,KEN
"Kamau, Hezron Gichuki",1527,10818707,1997,M,KEN
"Kameri, Justin Adrian",1598,10808426,1996,M,KEN
Kamoni Elvin,1417,10824545,2009,M,KEN
Kamoni Elvis Githae,1530,10831525,2009,M,KEN
Kamukwa Anthony,1669,10827757,2002,M,KEN
"Kanegeni, Matthew Kamau",1947,10800255,1978,M,KEN
Kangari Fredrick,1869,10815520,1995,M,KEN
Kangwana Hosni,1791,10837736,2003,M,KEN
Kantuli Isaac Saruni,1638,554009030,1989,M,KEN
Kanyi Elsie Joyce Wangechi,1487,10864121,2012,F,KEN
"Kanyingi, Joseph",1926,10800115,1966,M,KEN
"Kanyiri, Eric",1691,10806865,1984,M,KEN
"Kanyutu, Simon",1556,10802967,1998,M,KEN
Karamaliew Alibakshsh,1613,10839038,2008,M,KEN
Karani Ezekiel,1921,10831940,2001,M,KEN
"Karania, Hardiv",1590,10800891,2001,M,KEN
"Karania, Saloni",1582,10800875,1998,F,KEN
Karanja Amos,1633,10831622,1998,M,KEN
Karanja Collins,1527,10835911,2000,M,KEN
"Karanja, Ether",1631,10819282,1999,F,KEN
"Karari, Charles Wahome",1488,10818561,1976,M,KEN
Karel Sanders,1529,10845267,2013,M,KEN
Kariuki Brian Peter,1764,10844937,2002,M,KEN
Kariuki Erastus,1814,10820485,1990,M,KEN
Kariuki Mark,1533,10848975,2006,M,KEN
Kariuki Wilson,1519,10837396,1992,M,KEN
"Kariuki, Keith Ndungu",1510,10810790,2005,M,KEN
"Kariuki, Severn Mwaniki",1628,10811885,1999,M,KEN
"Kariuki, Silvia Wahito",1586,10811354,2002,F,KEN
"Kariuki, Stephen",1755,10815058,1996,M,KEN
Karoki Christine Muthoni,1447,10823832,1996,F,KEN
Karugo David Maina,1598,10818421,1993,M,KEN
Karugo Timothy Maina,1404,10898859,2018,M,KEN
Karuru Tlevis,1444,10843442,2013,M,KEN
Kasera Collins Tabu,1642,10837205,2000,M,KEN
Kathulu Simon Kaseu,1594,10819916,1996,M,KEN
Kawenze Richard,1704,10844350,2004,M,KEN
Kayden Sankau Oloitiptip,1414,10865497,2015,M,KEN
"Kayyar, Sana",1416,10826769,2008,F,KEN
Keith Rotich,1539,10864539,2011,M,KEN
Kelly Etabo Esekon,1459,10845429,2002,M,KEN
Kelly Kiptoo Guto,1556,554003040,2010,M,KEN
Kelly Mwaniki,1850,10847960,2004,M,KEN
Kelsea Hozheri,1426,10892842,2002,F,KEN
Kelvin Mwangi Kamau,1623,554008212,1994,M,KEN
Kemboi Dennis,1616,10845224,2000,M,KEN
Kemboi Joy Jelagat,1488,10844260,2007,F,KEN
Kenan Jamie,1661,10838589,2011,M,KEN
Kennedy trevor,1657,10827307,2000,M,KEN
Kenneth Koome Kinoti,1714,10847979,1993,M,KEN
Kenrich Ndegwa,1667,554003202,2011,M,KEN
Keongo Joseph,1637,10818170,1970,M,KEN
Kerir Majout,1721,10833595,1992,M,KEN
Kerry Edwin,1435,10892583,2004,M,KEN
Kerry Kiambi,1510,10862900,2006,M,KEN
Kestone Dennis,1683,10827285,1999,M,KEN
Kevin Bichanga,1774,10807039,1990,M,KEN
"Keya, Nelson",1640,10811117,1993,M,KEN
Khaemba Moses,1637,10830693,1990,M,KEN
Khan Arhaan,1563,10838244,2004,M,KEN
"Khimulu, Rehema",1726,10800808,1986,F,KEN
"Khot, Ajak David",1713,10831754,1991,M,KEN
"Kiai, Jayden",1441,10843841,2015,M,KEN
Kiarie Patrick,1483,10826637,2003,M,KEN
Kibogong Kibiwott Nathan,1495,10847987,2003,M,KEN
Kibon Emmanuel Kibet,1574,10827340,2002,M,KEN
"Kibor, Linsey",1522,10802118,1992,M,KEN
Kibue Andre,1531,10842977,2013,M,KEN
Kibui Jackson Githinji,1457,554000092,2005,M,KEN
"Kiburi, Elijah Kamau",1815,10804544,1988,M,KEN
"Kidula, Brian",1915,10801405,1968,M,KEN
Kienjeku Evans Muigai,1531,10846735,2007,M,KEN
Kigen Kennedy,1765,10826904,1988,M,KEN
"Kiggs, Michael",1557,10827811,1998,M,KEN
Kihara Loius,1594,10824383,1996,M,KEN
Kihumba Dennis,1593,10893075,2001,M,KEN
Kilele Elijah,1457,10840591,1993,M,KEN
Kilonzo David,1671,10819800,1990,M,KEN
Kilonzo Simon,1413,10833439,1982,M,KEN
Kim Vivica,1452,10839194,2014,F,KEN
Kimachia Brian,1578,10835873,1999,M,KEN
Kimani Gichuru,1660,10830707,1995,M,KEN
Kimani wanjiru,1647,10816810,2000,F,KEN
"Kimani, Calvin",1644,10812024,2006,M,KEN
"Kimani, Hubert",1695,10811087,1996,M,KEN
"Kimani, Kimingi",1889,10807012,1990,M,KEN
"Kimani, Moses",1481,10810773,2002,M,KEN
"Kimani, Susan",1443,10831215,2002,F,KEN
Kimondo Brian,1753,10830715,2001,M,KEN
"Kimori, Henry",1684,10803602,1980,M,KEN
Kimotho Alex,1715,10827374,2001,M,KEN
Kimunyi Hudson,1683,10819380,1992,M,KEN
Kimutai Collins,1553,10821325,2001,M,KEN
"Kimutai, Gilbert Rono",1649,10809244,1986,M,KEN
"Kingora, Kamau",1779,10814868,1989,M,KEN
"Kinoti, Timothy Mwenda",1612,10808019,2003,M,KEN
"Kinuthia, Mike",1828,10807497,1990,M,KEN
Kinuthua Keith,1642,10834966,2001,M,KEN
Kinyanjui Martin,1900,10834320,2000,M,KEN
Kinyanjui Peter Thairu,1551,10817301,1998,M,KEN
Kinyua John paul,1816,10815538,1990,M,KEN
Kinyua Samuel Munene,1508,10820566,2002,M,KEN
Kinyunye Joseph,1488,10835920,1997,M,KEN
Kioko Ryan,1552,10832254,2006,M,KEN
"Kioko, Keith",1500,10843868,2001,M,KEN
"Kionga, Anthony",1783,10803734,1993,M,KEN
Kipchumba Brian,1711,10897003,1995,M,KEN
Kipchumba Brian Kiplagat,1497,554000475,2004,M,KEN
Kipchumba Hilary,1556,10897011,2006,M,KEN
Kipkalia Jeremy,1567,10897038,2008,M,KEN
Kipkemboi Benjamin,1875,10839950,2002,M,KEN
Kipkemei Allan Kiptum,1613,10844473,2006,M,KEN
Kipkemoi Fred,1510,10829415,1999,M,KEN
KipkoECH Hekima,1512,10833196,2010,M,KEN
Kipkorir Leon,1642,10829423,2002,M,KEN
Kiplangat Baraka,1473,10846840,2015,M,KEN
Kiplangat Clinton,1671,10817506,1993,M,KEN
"Kiplongei, Allan",1590,10811443,1999,M,KEN
Kipngeno Rooney Rotich,1745,10827358,2000,M,KEN
Kipngetich Timothy,1741,10823557,1999,M,KEN
Kiprono Frankline Kimutai,1617,10837981,2000,M,KEN
Kiprono Jeremy,1672,10844520,2006,M,KEN
Kiprono Leting,1539,10835474,1988,M,KEN
Kiprop Owen,1501,10835334,2002,M,KEN
"Kiprop, Koskei",1585,10809384,1991,M,KEN
Kipruto Caleb,1526,10833234,1999,M,KEN
Kipruto Wilfred Kulei,1689,10828478,1995,M,KEN
"Kirega, Joseph",1797,10802142,1996,M,KEN
"Kirega, Titus Mwangi",1779,10802240,1989,M,KEN
Kirema Bridget Kagwiria,1468,10833749,2000,F,KEN
Kirui Benard,1410,10840125,2002,M,KEN
Kirungie Winston,1482,10831002,1995,M,KEN
Kiruthu Teddy Wahome,1561,10842578,2008,M,KEN
Kirwa Brian,1522,10818413,1990,M,KEN
"Kisindai, Paul Wangwe",1725,10811060,1993,M,KEN
Kithuku Tonny Kiamba,1421,10844643,2005,M,KEN
KitongaMirriam,1427,10893849,2000,F,KEN
"Kiugo, Karugu",1636,10811400,1999,M,KEN
"Kiunga, Boniface Kathurima",2022,10807357,1983,M,KEN
Kivuva Chris,1599,10820035,2001,M,KEN
"Kizito, Francis",1767,10802479,1980,M,KEN
Koech Edwin,1690,10819673,1989,M,KEN
Koech Emmanuel Kiptoo,1620,10846905,2006,M,KEN
"Kogi, Nicholas",1582,10815074,1997,M,KEN
Komba Nashon Stem,1505,10847995,2007,M,KEN
"Komen, Brian",1578,10815082,2001,M,KEN
"Komen, Simion",1618,10808620,1962,M,KEN
Korir Brian,1494,10835199,2001,M,KEN
Korir Florida,1507,10827137,2010,F,KEN
Korir Samuel,1740,10827218,2003,M,KEN
Korir Tracy,1510,10832130,2003,F,KEN
"Korir, Edwin",1795,10808663,1982,M,KEN
"Korir, Vincent Kipkoech",1822,10817352,2002,M,KEN
Kosgei Catherine Jebet,1548,10833897,2002,F,KEN
Kosgey Sheila Jerop,1527,10819770,1999,F,KEN
Koyra Petos,1627,10820230,1972,M,KEN
"Kuguru, Harrison Githinji",1721,10829725,1999,M,KEN
Kuka Kyle,1987,10831533,2010,M,KEN
Kuka Riziki,1526,10831053,2012,F,KEN
Kungu Ann,1544,10802436,1992,F,KEN
"Kungu, Mary",1489,10803343,1992,F,KEN
Kuria Emmanuel,1672,10819681,1990,M,KEN
"Kuritto, Douglas",1798,10802568,1984,M,KEN
Kwambai Brian,1672,10849149,2003,M,KEN
Kwanza Njau,1566,10865462,2010,M,KEN
Kyalo Cynthia Wayua,1440,10827315,2000,F,KEN
Kyalo Peter,1675,10834060,2004,M,KEN
"Lamba, Tole",1735,10802878,1990,M,KEN
Langat Mirriam,1432,10890700,2004,F,KEN
Langat Silvanus,1628,10845038,2005,M,KEN
"Langat, Jonah",1822,10802045,1982,M,KEN
Lawrence Muchugia Nganga,1658,10805575,1986,M,KEN
Lekolool Michelle,1454,10844570,2013,F,KEN
Lelaono James,1659,10844503,2003,M,KEN
Lema Khimulu,1717,10805508,1988,M,KEN
Lemuel Ngunjiri,1476,10866078,2011,M,KEN
Leo Walukana,1505,10866191,2013,M,KEN
LEON MALOMBE,1696,10812849,2001,M,KEN
Leone David,1662,10897690,2003,M,KEN
Levi Johnathan,1404,10866698,2009,M,KEN
Levi Joshua,1618,10834184,2002,M,KEN
Lewatachum Levin Sadiki,1495,10838317,2003,M,KEN
Lewis Machoka,1474,10821023,1998,M,KEN
Lewis Rotich,1469,10866965,2007,M,KEN
Liam Valambhia,1466,10867066,2013,M,KEN
Likhaya Nelson,1719,10832700,2001,M,KEN
Lila Lemayian,1463,10833218,2003,M,KEN
Lincoln Kamau,1776,554008239,1988,M,KEN
Lionel Correia,1605,10822771,2003,M,KEN
"Luala, James A.",1810,10809627,1991,M,KEN
Lubanga Kwame,1461,10841725,2012,M,KEN
LUCY NYABOKE MONGARE,1475,10812997,2006,F,KEN
Lukoko Moses,1709,10825770,1995,M,KEN
Lukoye Atwoli,1711,10839313,1976,M,KEN
Lumula Jason Jude,1570,10843256,2014,M,KEN
Lusala Alex,1557,10817778,1990,M,KEN
"Lutomia, Eric",1672,10803319,1980,M,KEN
Lutta Nick,1567,10824499,2000,M,KEN
"Lwanga, Aguda",1844,10801529,2006,M,KEN
"Lwanga, Charles Karoli",1744,10801766,1970,M,KEN
"Lwanga, Odongo",1761,10802746,2008,M,KEN
"Lwanga, Solomon Lubega",1983,10803866,1980,M,KEN
"Maamun, Jeneby",1726,10805540,1970,M,KEN
"Maashao, Genevieve",1641,10827129,2010,F,KEN
Mable Kawa,1511,10818340,1995,F,KEN
Macharia Felix,1747,10817972,1990,M,KEN
Macharia Michael,1706,10898433,2001,M,KEN
Macharia Tedy Wainaina,1585,10897887,2007,M,KEN
"Macharia, Mwangi Stanley",1486,10815589,1997,M,KEN
Madelta Glenda,1750,10814949,2000,F,KEN
"Magana, Ben",2024,10800166,1977,M,KEN
Magor Marcarius Onyango,1433,10838899,2011,M,KEN
Maguor Deng Gheit Longar,1662,10882502,2002,M,KEN
Mahdi Abdi Yousuf,1944,10821171,1990,M,KEN
"Maigua, Joseph Ngooro",1851,10802096,1987,M,KEN
Maina Chris,1885,10826920,1998,M,KEN
Maina Ethan,1402,10815953,2010,M,KEN
Maina Geoffrey Gitonga,1460,10843167,2012,M,KEN
Maina James,1640,10818715,1994,M,KEN
Maina Joshua,1538,10833498,1998,M,KEN
Maina Mitchelle Wandia,1488,10843078,2011,F,KEN
Maina Morris,1516,10843906,1996,M,KEN
"Maina, Brian Kariuki",1729,10811125,1991,M,KEN
"Maina, Githaiga Dennis",1755,10817280,1990,M,KEN
"Maina, Purity",1709,10800514,1986,F,KEN
Maiyani Oloitiptip Trevor,1473,10896015,2017,M,KEN
Major John,1605,10815694,2000,M,KEN
Makanga Annabel,1513,10834850,2013,F,KEN
"Makatia, Alex",1980,10800182,,M,KEN
"Mangi, Lenox",1788,10811036,1998,M,KEN
Manyeki Nathaniel,1824,10831029,2015,M,KEN
Maoga Trevor,1531,10834745,2011,M,KEN
Mapuor Constantino,1768,10821309,1990,M,KEN
"Marani, Caleb",1767,10820175,1999,M,KEN
Marc-Antoine Ishimwe Ndagijimana,1461,10833340,2016,M,KEN
Mariga Stephen,1587,10828044,1999,M,KEN
Mark Gacheru,1512,10868640,2010,M,KEN
Mark Gathagu,1450,10848002,2002,M,KEN
Mark Joram,1458,10840567,1996,M,KEN
Mark Mburu,1470,10868798,2007,M,KEN
Mark Musyoki,1411,10892850,2010,M,KEN
Mark Peter Karanja Mwaniki,1585,10868763,2012,M,KEN
Martha Teresa Akwaare,1443,10868909,2010,F,KEN
Martin Kagiri,1854,10821180,1997,M,KEN
Martin Macharia,1743,10803335,1980,M,KEN
Martin Mambo,1746,10809163,1998,M,KEN
"Masese, Dennis",1712,10802827,1990,M,KEN
Masira Brian,1645,10835253,1998,M,KEN
Master Walter Aira,1416,10869247,2014,M,KEN
Matei Veronicah,1577,10826939,1999,F,KEN
Matheka Jeremy,1438,10838449,2012,M,KEN
Mathenge Gichuga,1563,10818430,2009,M,KEN
Mathenge Ian Ngatia,1693,10826564,2002,M,KEN
"Mathenge, Dennis",1674,10803190,1995,M,KEN
Mathew Mwongela Mungithya,1621,554008247,1999,M,KEN
"Matiko, Chacha",1735,10802509,1990,M,KEN
Matthew Waugh,1433,10869328,2013,M,KEN
Maurice Omondi Aduda,1674,554009081,1974,M,KEN
"Mawondo, Duncan",1679,10811028,1990,M,KEN
Maxevier Barasa,1577,10869433,2011,M,KEN
Maysie Andia,1479,10841695,2008,F,KEN
Mbaabu Cyprian,1725,10818251,2010,M,KEN
"Mbithi, Alvin",1694,10810129,2005,M,KEN
"Mboya, Audrey Tracy",1537,10801464,2003,F,KEN
"Mboya, Grace Lily",1517,10814027,2009,F,KEN
"Mbugua, David Kanyua",1576,10818162,1995,M,KEN
Mburu Ayden,1621,10847731,2013,M,KEN
Mburu Daniel,1506,10894853,2011,M,KEN
"Mburu, John Thindiu",1623,10809236,1990,M,KEN
"Mbuthia, Evans",1798,10808841,1997,M,KEN
"Mbuya, Martin",1617,10806318,1996,M,KEN
McKenzie Chanel,1644,10832939,2011,F,KEN
Mcray Macharia Kihoi,1410,10869646,2014,M,KEN
Meerabbas Afzali,1614,10812717,1971,M,KEN
Meisi Tamar,1488,554009197,1989,F,KEN
"Mepani, Sachin Gopal",1508,10808540,1996,M,KEN
Mercel Etieng,1497,10869964,2011,M,KEN
"Methu, Joseph Muragu",1966,10804714,1987,M,KEN
Metrine Nyaboke Osiemo,1524,10816372,1998,F,KEN
"Mghendi, Thomas",1767,10803874,1980,M,KEN
Mich Jayden,1633,10847693,2011,M,KEN
Michael Asati,1659,10803629,1980,M,KEN
Michael Lucas,1539,10870288,2012,M,KEN
"Michoma, Jeremy Morara",1578,10830944,2003,M,KEN
"Michuki, Francis",1810,10806873,1997,M,KEN
Migitha James,1608,10896503,2004,M,KEN
"Miheso, Clement Chomu",1730,10800026,1953,M,KEN
"Miheso, Edgar",1633,10808388,1996,M,KEN
Mikuli Lewis Owino,1776,10843345,2003,M,KEN
Milan Suter,1506,10895167,2011,F,KEN
Minu Nimit,1625,10823743,2005,M,KEN
Miringu Geoffrey,1463,10840184,1966,M,KEN
Misati Gesio,1626,10832270,2006,M,KEN
Misiko Peter Wangila,1478,10841113,1995,M,KEN
"Mitei, Cosmas",1742,10812520,1997,M,KEN
Mitsanze Mark,1654,10818731,2001,M,KEN
"Mmata, Brian",1799,10803769,1980,M,KEN
Moegi Jeremiah Monange,1605,10890840,2003,M,KEN
Mohammed Ahmed Adan,1559,10812946,1999,M,KEN
Mohamud Mohammed,1713,10840869,1999,M,KEN
"Mohan, Rahul",1767,10800271,1994,M,KEN
"Mohideen, Fathima Mohamed",1547,10802606,2006,F,KEN
Mohin Minesh Patel,1412,10824359,2007,M,KEN
Mokua Jayden Wrenon,1417,10838104,2014,M,KEN
"Mongeli, Sasha",1868,10809090,1996,F,KEN
"Mony, Jacktone",1900,10801170,,M,KEN
Morgan Icharia,1523,10840192,1994,M,KEN
Moses Masiga Dalla,1539,554008409,1982,M,KEN
Moses Munene,1491,10871063,2006,M,KEN
Moses Mwangi Kamau,1555,554008549,2004,M,KEN
Mosongoh Geoffrey Maoga,1452,10822364,1979,M,KEN
Moturi Christopher,1627,10817557,1990,M,KEN
"Movin, Sato",1621,10803386,1980,M,KEN
"Mowlid, Ahmed",1972,10801758,1980,M,KEN
"Msafari, Jeff Dedan",1720,10808221,1998,M,KEN
"Mtoi, Rashid Katana",1580,10811842,1997,M,KEN
Mubi Hillary,1529,10835555,2009,M,KEN
"Muchai, James",1876,10803262,1989,M,KEN
"Muchangi, Paddy Murithi",1571,10831703,2003,M,KEN
Muchina Gabriel Mathigu,1657,10847197,2008,M,KEN
Muchiri Henry,1504,10837400,1989,M,KEN
"Muchiri, Patrick Murioga",1581,10802401,1981,M,KEN
"Muchiri, Rocky",1867,10810803,2005,M,KEN
Muchoki Morgan Maina,1552,10848886,2006,M,KEN
Muchoki Trevor Kanyuithia,1600,10848878,2011,M,KEN
"Muchugu, Christian Nderi",1648,10809546,1997,M,KEN
Mugambi Christian Mwamba,1767,10836012,2012,M,KEN
Mugambi Ezekiel,1652,10816224,1990,M,KEN
"Mugambi, Dennis",1740,10802363,1981,M,KEN
"Muganda, William Imo",1587,10808159,1995,M,KEN
"Mugendi,Dominic Kinyua",1594,10818600,1994,M,KEN
Mugi Harrison Nyaga,1744,10817700,1995,M,KEN
"Mugi, Edwin",1842,10807306,1990,M,KEN
Mugo Sean Mugi,1597,10836632,2008,M,KEN
"Mugo, Diana",1519,10807624,1990,F,KEN
"Mugo, Gerald Mungai",1777,10801570,1996,M,KEN
"Mugwanja, Nathaniel",1545,10811680,2006,M,KEN
Muhambe Terrence Shisundi,1629,10843612,2004,M,KEN
Muhanji Tsisika,1464,10832149,2001,F,KEN
Muigai Stephen,1538,10848061,2000,M,KEN
Muiruri Don Kamami,1584,10818448,2010,M,KEN
Muita Muhia Kabubi,1615,10830731,1994,M,KEN
"Muita, Nathaniel",1533,10811460,1976,M,KEN
"Mukabi, John",1810,10800034,1964,M,KEN
Mukaria Victor,1653,10849173,2002,M,KEN
"Mukhopadhyay, Srinjay",1701,10800867,1999,M,KEN
Mukhwana Gene Pence Barasa,1415,10845461,2017,M,KEN
"Mukoko, Isaac",1849,10802576,1984,M,KEN
"Mulaba, Austine",1438,10831347,2006,M,KEN
"Mulaga, Geoffrey",1823,10801685,1971,M,KEN
Muli Dan kilonzo,1474,10896368,1995,M,KEN
Muli Faraja Mumo,1708,10842357,2015,M,KEN
Muli Martin,1492,10840176,2004,M,KEN
Muli Raphael Muthenya,1740,10826955,2003,M,KEN
"Muli, Baraka Kimama",1410,10842748,2017,M,KEN
"Mulindi, Trevor",1831,10806164,1995,M,KEN
"Muluda, Chahindi",1815,10815023,1990,M,KEN
"Mumbi, Stephanie",1518,10802657,1991,F,KEN
"Mumia, Andrew",1827,10802487,1987,M,KEN
Mumo Peter,1539,10839402,2005,M,KEN
Muna Robert,1549,10845143,2002,M,KEN
Munene Brian Mugambi,1619,554004357,2002,M,KEN
Munene Samson,1772,10896252,1995,M,KEN
Munene Stanley,1596,10815902,1990,M,KEN
"Munene, Brian",1619,10815104,2001,M,KEN
"Munene, Dean Martin",1718,10817492,2001,M,KEN
"Munge, Nickson",1580,10807519,1996,M,KEN
"Muniu, Solomon Thuo",1605,10810676,1989,M,KEN
Munyao Kelvin Makau,1574,10895973,1999,M,KEN
"Munyao, Gabriel Ray",1449,10817336,2008,M,KEN
"Munyi, Mark Nderitu",1779,10806300,1990,M,KEN
Muoki Collins,1584,10843264,2000,M,KEN
Murage James,1858,10837000,2002,M,KEN
Murage Samuel,1590,10827927,1998,M,KEN
"Murangiri, David Kinoti",1783,10801600,1989,M,KEN
Muratha Samantha Wanjiru,1496,10898565,2013,F,KEN
Murigu Kanuri,1494,10894829,2013,M,KEN
Muriithi Bradell,1644,10827838,2000,M,KEN
"Muriithi, Godfrey",1761,10806067,1981,M,KEN
Murimi Brian,1738,10827420,2003,M,KEN
Muritu Nicholus Kagwandia,1488,10837728,2004,M,KEN
Muriuki Ian,1549,10837647,1996,M,KEN
Muriuki Koome,1691,10827650,1996,M,KEN
Muriuki Maxwell,1639,10844996,2008,M,KEN
Muriuki Victor,1663,554000270,2002,M,KEN
"Muriuki, Eugene Muthomi",1662,10806210,1995,M,KEN
"Muriungi, Austine Mwiti",1635,10826688,2008,M,KEN
Musau Simon,1510,10837418,1990,M,KEN
Musembi Emmanuel,1616,10893172,1995,M,KEN
Mushila Angel Khasiani,1497,10842624,2005,F,KEN
"Mussa, Kais",1704,10800930,,M,KEN
Musyoka Isaac,1633,10828931,1995,M,KEN
Musyoki Alex,1672,10839410,2004,M,KEN
Musyoki Justus,1486,10828508,1998,M,KEN
Mutaha Samuel Mwaniki,1693,10828982,1996,M,KEN
Mutai Bailey,1737,10828907,2000,M,KEN
Mutandadzi Simbarashe,1754,10823360,1999,M,KEN
Muthama Benjamin,1544,10827030,2000,M,KEN
Muthama Kyalo Felix,1486,10840133,1995,M,KEN
Mutheu Yasmin,1466,10830740,2004,F,KEN
Muthiani John,1528,10830561,1998,M,KEN
Muthoga Liam Munene,1500,10891633,2013,M,KEN
"Muthoni, Vivian",1529,10806725,2005,F,KEN
Muthuiya Vincent,1635,10817743,1990,M,KEN
Muthumbi Richard,1592,10838457,2011,M,KEN
"Mutiga, Joseph",1829,10804722,1980,M,KEN
Mutinda Jonathan,1432,10812733,2005,M,KEN
Mutinda Julius,1528,10827390,1999,M,KEN
"Mutisya, Jully",1844,10814922,1999,F,KEN
Mutongoi Ian,1645,10841105,2004,M,KEN
Mutua Angel,1510,10846026,2014,F,KEN
Mutuge Ian,1945,10816593,2002,M,KEN
Mutugi Flabian,1837,10845151,1999,M,KEN
Mutugi Teddy,1520,10830758,2010,M,KEN
Mutuma Kinoti,1776,10829474,2004,M,KEN
Mutuma Victor Mutugi,1733,10843949,2003,M,KEN
Mutune Oscar,1569,10824405,1985,M,KEN
"Muturi, Elsie",1403,10814566,2006,F,KEN
"Muturi, Erica Mumbi",1693,10812091,2008,F,KEN
Mututi Tim,1472,10830766,1985,M,KEN
Mutwiri Nixon,1582,10844384,2000,M,KEN
Mutwol Cherry Jepchirchir,1549,10843035,2008,F,KEN
"Muviku, Charles",1548,10831657,1993,M,KEN
Mvurya Collins Bade,1508,10871390,2011,M,KEN
"Mwabu, Timothy",1865,10805796,2003,M,KEN
Mwai Joel Muriu,1525,10843353,2000,M,KEN
"Mwamburi, Nixon",1750,10801669,1974,M,KEN
Mwanga Makokha,1632,10837582,2001,M,KEN
Mwangangi Jakes,1546,10822569,2006,M,KEN
Mwangemi Evans Munga,1644,10893105,1999,M,KEN
Mwangi Aaron Muturi,1503,10841717,2006,M,KEN
Mwangi Brian,1644,10827722,1997,M,KEN
Mwangi George,1858,10803203,1980,M,KEN
Mwangi Judy,1479,10833145,1998,M,KEN
Mwangi Maliki,1566,10815422,2003,M,KEN
Mwangi Mike Njoroge,1751,10832319,2001,M,KEN
Mwangi Paul,1537,10827854,2001,M,KEN
Mwangi Philip Njuguna,1459,10844295,1992,M,KEN
Mwangi Prudence,1550,10827978,1998,F,KEN
Mwangi Victor,1634,10843000,2010,M,KEN
Mwangi Zachary Kamau,1447,10849033,1970,M,KEN
"Mwangi, Ashley Wanjugu",1477,10817212,2010,F,KEN
"Mwangi, James Njuguna",1772,10828168,1994,M,KEN
"Mwangi, John Milton Kihara",1834,10807667,1998,M,KEN
"Mwangi, Njuru",1589,10802347,1980,M,KEN
"Mwangi, Samuel Macharia",1674,10808698,1991,M,KEN
Mwaniki Joseph Gacura,1565,10894470,2013,M,KEN
Mwanyika Mike,1684,10821392,1998,M,KEN
Mwanza Chris,1631,10835016,1986,M,KEN
Mwanza Leonard,1723,10833056,1999,M,KEN
Mwashe Yvonne Adego,1478,10812679,2010,F,KEN
"Mwashe, Philip",1796,10811257,1976,M,KEN
"Mwatu, Owen Musyoki",1635,10810820,1997,M,KEN
Mwega Nkanda,1631,10833625,2001,M,KEN
Mwenda Dennis,1775,10835792,2002,M,KEN
Mwendwa Eric Muteti,1753,10820078,2003,M,KEN
Mwendwa Fredrick,1822,10832734,2002,M,KEN
"Mwendwa, Triza",1642,10814965,2000,F,KEN
"Mwenjiri,Michael Gatimu",1527,10815112,1969,M,KEN
Mwikali Abigail Mwalimu,1474,10817565,1990,F,KEN
"Mwikali, Daphne",1663,10802274,1992,F,KEN
Nabangi Fred,1659,10809511,1991,M,KEN
NAFTALY WACHIRA MWANGI,1801,10813225,1986,M,KEN
"Nagda, Ankush",1834,10800468,1995,M,KEN
NAIM ABDULHAKIM SALIM,1680,10812776,2001,M,KEN
"Naker, Jay",1762,10819436,1996,M,KEN
Nalwa Daniel Amani,1523,10843647,2010,M,KEN
"Namale, Ben Nguku",2022,10800263,1981,M,KEN
Namosa Nicholas,1621,10845712,2010,M,KEN
Nashipae Bella,1883,10843981,2011,F,KEN
Natasha Wanjiru,1445,10872027,2008,F,KEN
Nathani Sufian Sajid,1599,10835652,2007,M,KEN
Nathaniel Waithaka,1449,10872370,2012,M,KEN
Ndambo Jones,1690,10845240,2001,M,KEN
Ndambuki Calvin,1639,10818774,1990,M,KEN
"Ndege, Joel",1702,10805419,1998,M,KEN
Ndegwa Irwin Ndege,1461,10843990,2013,M,KEN
Ndegwa Kevin,1535,10816259,1990,M,KEN
Ndegwa Lincoln Thuku,1437,10846093,2008,M,KEN
"Ndegwa, Jackson Kamau",1897,10801731,1987,M,KEN
"Nderitu, George",1847,10801774,1982,M,KEN
Ndirangu Christopher,1589,10823646,1990,M,KEN
Ndirangu Peter,1649,10828729,1997,M,KEN
Ndirangu Peter Ndegwa,1634,10833846,1988,M,KEN
Ndirangu Racheal,1665,10841580,2003,F,KEN
"Ndirangu, Joyce Nyaruai",1828,10802886,1995,F,KEN
"Ndonga, Raphael Kibicho",1727,10801960,2000,M,KEN
"Ndonye, Nicodemus",1777,10801863,1989,M,KEN
Ndua Nathaniel,1404,10838546,2012,M,KEN
Nduati Christopher,1705,10844953,2003,M,KEN
Ndumia Samuel Nderitu,1476,10823158,2000,M,KEN
Ndunge Judith,1419,10829210,2001,F,KEN
Ndungu Brian Marvin,1502,10846115,2007,M,KEN
Ndungu James Harun,1552,10830782,2002,M,KEN
Nelvin Mundia,1637,10897828,2002,M,KEN
Nevin Nduati Mwangi,1600,10872817,2011,M,KEN
Newton Karimi,1551,10808264,1999,M,KEN
Ng,1456,10833226,2002,M,KEN
Nganga David,1605,10835113,2003,M,KEN
Nganga Joseph Wairimu,1657,10820507,1983,M,KEN
Nganga Nathan,1501,10837744,2004,M,KEN
Nganga Peter,1493,10818006,1990,M,KEN
"NgAnga, Samuel Kimani",1642,10808949,1970,M,KEN
"Ngani, Victor",1940,10802088,1979,M,KEN
Ngaruiya Aiden Wanaina,1484,10843159,2013,M,KEN
"Ngeno, Vincent",1825,10802070,1986,M,KEN
Ngeny Cynthia Chebet,1486,10828834,2000,F,KEN
Ngesa Francis,1632,10819444,1960,M,KEN
Ngetich Weldon Cheruiyot,1650,10812695,2000,M,KEN
"Ngila, Samuel Dennis Kivindyo",1729,10831681,1993,M,KEN
"Ngima, Cheryl",1569,10808973,1994,F,KEN
"Ngonga, Paul Oketch",1590,10802797,1962,M,KEN
"Ngony, John Thon",1789,10813756,2000,M,KEN
Ngugi Francis,1868,10834362,2001,M,KEN
Ngugi Samuel Mwaura,1673,10822496,1999,M,KEN
"Ngugi, Clinton",1743,10831312,2001,M,KEN
Ngunga Antony,1757,10845208,2002,M,KEN
"Ngure, John Paul",1782,10810994,1990,M,KEN
Nhial Jeremiah Machar,1774,10832696,1997,M,KEN
Nicole Ajackaa,1582,10896295,2011,F,KEN
Nicole Albright,1751,10813330,1998,F,KEN
Nirwan Hariri Bachu,1441,10848452,2014,M,KEN
Nizomiddinov Rukniddin,1527,10839046,2007,M,KEN
"Njagi, Bundi Mmuga",1608,10804919,1983,M,KEN
Njama Felista Wairimu,1512,10815724,2000,F,KEN
Njau Martin,1781,10827862,2001,M,KEN
Njenga Caroline,1500,10821546,1989,F,KEN
Njenga Dayson Irari,1407,10873414,2014,M,KEN
Njenga Francis,1441,10838635,2010,M,KEN
Njeri Caroline,1456,10821406,1989,F,KEN
Njeri Collins Mburu,1852,10827048,2000,M,KEN
"Njeri, Maureen Kirigo",1456,10807853,1992,F,KEN
Njiri Ian Macharia,1431,10827404,2001,M,KEN
Njiriri D. Muiruri,1434,10873430,2014,M,KEN
Njogu Quinton Komu,1547,10815732,2007,M,KEN
Njogu Sam,1636,10827870,1999,M,KEN
Njoki John Mutuku,1694,10843361,2003,M,KEN
Njoki Juliet,1525,10844430,2004,F,KEN
Njoki Peter Waciuri,1597,10823611,2000,M,KEN
Njoroge Humphrey Mbugua,1521,10834427,2003,M,KEN
Njoroge Kelvin,1696,10842942,2001,M,KEN
"Njoroge, Billy Timothy",1871,10811320,2001,M,KEN
"Njoroge, Dadson Rwamba",1596,10803572,1997,M,KEN
"Njoroge, Martin",1934,10801952,1996,M,KEN
Njuguna Joel Gachanja,1499,10893180,1994,M,KEN
Njuguna Joseph,1648,10835032,2001,M,KEN
Njuguna Lisa Wanjiru,1410,10842373,2010,F,KEN
Njuguna Luke Nganga,1541,10873449,2013,M,KEN
Njuguna Peter Muigai,1579,10835024,2001,M,KEN
Njuguna Wanjeri,1673,10833250,2003,M,KEN
"Njuguna, Edna Wangari",1451,10809317,2002,F,KEN
"Njuki, Gabriel",1907,10816127,1997,M,KEN
NOORMOHAMED SHABBBIR HARUNANY,1753,10812750,2003,M,KEN
Nthiga Blair Wema,1574,10842896,2010,M,KEN
Nturibi Mutugi,1554,10842454,2007,M,KEN
"Nurmohamed, Sajid",1771,403903,1976,M,KEN
Nyaga Samuel Jillo,1589,10821414,1996,M,KEN
"Nyaga, James Kabui",1859,10808353,1998,M,KEN
"Nyaga, Joseph",1811,10802525,1986,M,KEN
"Nyaga, William",1668,10807578,1990,M,KEN
Nyagaka Dankaiser Nyagaka,1518,10896066,2000,M,KEN
Nyagwanya Caleb,1654,10815597,1990,M,KEN
"Nyairo, Joseph Obwoge",1682,10828206,1992,M,KEN
"Nyairo, Mark",1693,10802720,1994,M,KEN
Nyakio Abigail,1518,10838619,2009,F,KEN
Nyakundi Wesley Kithinji,1427,10866906,2013,M,KEN
"Nyakundi, Zadock",1788,10821015,2001,M,KEN
Nyamao Byron,1565,10821503,2004,M,KEN
Nyambura Ivy,1417,10830847,2005,F,KEN
Nyamiaka Haden,1796,10832343,2003,M,KEN
"Nyamu, Daniel Maringa",1626,10822275,1962,M,KEN
Nyamwanda William,1483,10830995,1998,M,KEN
Nyandika Ishmael,1633,10841008,2004,M,KEN
Nyandiko Job,1656,10833986,1995,M,KEN
Nyobala Aloo,1464,10839135,2013,F,KEN
"Nyok Ayual, Jock",1850,10891544,2005,M,KEN
"Nyonje, Dominic",1753,10800492,,M,KEN
"Nzioki, Thomas",1767,10803882,1985,M,KEN
"Obera, Ben",1723,10810986,1990,M,KEN
"Obondo, Cynthia Awino",1687,10814981,1998,F,KEN
Obonyo Abigail,1627,10831509,2012,F,KEN
Ochiel John,1411,10843299,1998,M,KEN
Ochieng Calvince,1500,10832815,2001,M,KEN
Ochieng Innocent,1488,10829016,2001,M,KEN
Ochieng James,1646,10849220,2002,M,KEN
Ochieng Kennedy,1546,10834672,2011,M,KEN
Ochieng Paul Ngwono,1503,10841091,2005,M,KEN
Ochieng Victor,1581,554004527,2003,M,KEN
Ochieng William,1612,10824413,1982,M,KEN
"Ochieng, Dennis Onyando",1590,10826572,1984,M,KEN
"Ochieng, Jackson Okoth",1698,10802053,1972,M,KEN
Odalo Mark Oluoch,1706,10822488,1998,M,KEN
Oddiaga Nigel,1579,10832718,2000,M,KEN
Odhiambo Barret,1590,10830626,2000,M,KEN
Odhiambo Erick,1541,10817425,2000,M,KEN
"Odhiambo, Bob Kennedy",1672,10806016,1972,M,KEN
"Odhiambo, Harmony",1789,10809430,1991,M,KEN
"Odhiambo, Ian",1719,10802126,1991,M,KEN
"Odiah, Isaac Babu",1936,10800549,1966,M,KEN
Odongo Bill Clinton,1656,10839968,1996,M,KEN
Odongo Edgar Davids,1601,10845232,2011,M,KEN
Odoyo Nobert Erick,1599,10818480,1990,M,KEN
Oduol James,1572,10835954,1999,M,KEN
Oduor Ferdinand,1697,10832025,1997,M,KEN
"Oduor, Kennedy",1690,10807462,1990,M,KEN
Ogata Raphael,1623,10832351,2001,M,KEN
Ogola Andrew,1609,10816267,2011,M,KEN
Ogola Felix Ochieng,1804,10828559,1993,M,KEN
Ojiwa Alvin Annan,1644,10842616,2005,M,KEN
Ojuma Meshack,1404,10824669,2004,M,KEN
"Okello, Kellan Jaha",1429,10828222,2011,M,KEN
Okelo Joshua Prince,1461,10833200,2005,M,KEN
Okemwa Eugene,1674,10827889,2000,M,KEN
Oketch Nebert,1411,10833137,2001,M,KEN
"Oketch, Dismas",1766,10801251,,M,KEN
"Okeyo, Steve Austine",1903,10808655,1983,M,KEN
Okombo Dismas,1764,10826971,1998,M,KEN
"Okonga, Hugh Misiko",1906,10813420,1997,M,KEN
"Okongo, Derrick",1716,10812105,2008,M,KEN
"Okongo, Tom",1846,10803688,1972,M,KEN
Okoth Winny Atieno,1505,10842160,2005,F,KEN
"Okoth, Edwin",1691,10807438,1993,M,KEN
Okumu Allan,1509,10828087,1991,M,KEN
Okusimba Jayden,1532,10835504,2012,M,KEN
"Okwaro, Louis Allan",1682,10804897,1989,M,KEN
Okwemba Elvis,1501,10844058,2013,M,KEN
"Olando, Paul Jnr",1926,10814078,2009,M,KEN
Oliver Aggrey,1526,10844392,2005,M,KEN
Oluchiri Jeshurun Inyangala,1628,10836586,2012,M,KEN
Oluka Robert Mcligeyo,2100,10814647,2005,M,KEN
Oluoch Ian,1675,554004772,2008,M,KEN
Oluoch Michael,1831,10815600,1990,M,KEN
Omani Wycliffe,1636,10823697,1984,M,KEN
Omanjo Hesborn,1718,10817875,1990,M,KEN
Ombee Davis David,1804,10893920,2004,M,KEN
Ombiro Clifford,1641,10829504,1996,M,KEN
"Omboga, Joseph Makori",1650,10808809,1973,M,KEN
"Ombui, Paul",1728,10803408,1988,M,KEN
"Omega, Kelvin",1612,10802355,1992,M,KEN
"Omitha, George",1779,10806121,1990,M,KEN
Omollo Felix,1432,10893610,1999,M,KEN
"Omolo, Kenneth",1939,10800123,,M,KEN
Omondi Abraham,1777,10839569,1999,M,KEN
Omondi Humphrey,1618,10849246,2003,M,KEN
Omondi Stanley,1750,10823425,2001,M,KEN
Omondi Suleiman,1870,10841741,2005,M,KEN
"Omondi, George Getuma",1827,10801871,1991,M,KEN
"Omondi, Kevins Joseph",1908,10805362,1980,M,KEN
"Omondi, Morrel",1678,10802258,1992,M,KEN
"Omondi, Timothy",1745,10806342,1994,M,KEN
"Omosa, Fredrick",1662,10810935,1990,M,KEN
Omunyin Robinson,1592,10841024,2000,M,KEN
"Omuya, Shadrack",1722,10810927,1990,M,KEN
Omwanza Kennedy Nyakundi,1465,10813047,2003,M,KEN
Omweri Dylus,1628,10833870,2002,M,KEN
Onchangwa Ian,1583,10834761,2002,M,KEN
"Ondiek, Peter Ganga",1795,10803424,1987,M,KEN
"Onditi, Jacob Lusi",1862,10802169,1973,M,KEN
Ondu Pascal,1459,10844074,2003,M,KEN
"Ongaki, Griffins Williams",1864,10823549,2001,M,KEN
Ongeri Moses Obure,1442,10894314,2002,M,KEN
"Ongono, Victor",1560,10805214,1990,M,KEN
"Onkendi, Obadiah",1665,10803645,1980,M,KEN
Onkware Eugene,1810,10849254,2001,M,KEN
Onyango Shirlyn Gathoni,1633,10836667,2012,F,KEN
"Onyango, Jeff",1653,10810900,1992,M,KEN
"Onyango, Jerry",1648,10810897,1990,M,KEN
Ooko Fredrick,1501,10804218,1970,M,KEN
Opiyo Steve Austin,1497,10829024,1997,M,KEN
Opiyo Vitalis,1567,10849262,2002,M,KEN
Opon Nicodemus,1642,10830952,1999,M,KEN
"Opondo, Wilson Ochieng",1818,10808191,1989,M,KEN
Oredo Brian Otieno,1474,10843728,1994,M,KEN
Orieko Cedric,1516,10837760,2006,M,KEN
Orondo Rangara Nicholas,1663,10806032,1996,M,KEN
"Oruke, Glen Kingoina",1797,10805745,1998,M,KEN
Osidiana Eli,1461,10821872,2013,M,KEN
"Osidiana, Colin",1538,10814108,2008,M,KEN
"Osoro, Samuel Onsongo",1815,10815848,1999,M,KEN
Osteen Joel,1547,10894136,2010,M,KEN
Osundwa Ihabi,1494,10832378,2009,M,KEN
"Otanga, Ernest Emisiko",1759,10810722,1978,M,KEN
Otiende Kennedy,1655,10841229,1976,M,KEN
Otieno Brandon,1722,10828575,2000,M,KEN
Otieno Issa,1514,10816097,1990,M,KEN
Otieno Maxwel,1676,10843736,2000,M,KEN
Otieno Ronny,1469,10829180,1997,M,KEN
Otieno Victor,1653,10834753,1995,M,KEN
"Otieno, George Ochieng",1807,10802320,1974,M,KEN
"Otieno, George Tom",1663,10832629,1971,M,KEN
Ouma Effim Samuel,1551,10843655,2011,M,KEN
Ouma Powel,1432,10848983,2002,M,KEN
Ouma Stanley,1456,10845283,2012,M,KEN
"Ouma, Javan",1773,10827005,1998,M,KEN
Ousia Marvin,1636,10838929,2011,M,KEN
Ovita Brian,1520,10893822,1998,M,KEN
"Owen, Kelvin Otieno",1756,10802134,1992,M,KEN
"Owino, David Magina",1716,10808850,1987,M,KEN
"Owoko, Henry",1842,10805974,1992,M,KEN
"Oyagi, Arnold",1912,10801855,1990,M,KEN
"Oyamo, Martin",1704,10802851,1960,M,KEN
Oyoko Ferdinand,1759,10826858,1998,M,KEN
Palanga Boston,1728,10840788,1976,M,KEN
Pamela Kosala,1553,10874089,2011,F,KEN
"Parikh, Nikita Ameetkumar",1450,10802614,2005,F,KEN
Parsayo Cornelius,1725,10817484,1990,M,KEN
PASAKA JUNIOR,1565,10813071,2005,M,KEN
Pascal Kiptoo,1573,10824286,2004,M,KEN
Paswa Stanly,1685,10890823,2003,M,KEN
Patel Pratik Suhana,1425,10813489,2009,F,KEN
"Patnaik, Sarthak",1607,10830332,2009,M,KEN
Patrick Mukhwana Lumbasi,1460,554009014,1968,M,KEN
"Pendyala, Ritvik",1695,10800743,2002,M,KEN
Peter Malonza,1474,10874470,2011,M,KEN
Peter Munyao,1630,10803815,1993,M,KEN
Peter Ndirangu,1675,10894950,2005,M,KEN
Peter Odoyo,1474,10893032,2012,M,KEN
"Phadke, Ankur Shrirama",1696,10801286,2001,M,KEN
Philip Marcellinus,1640,10833064,2004,M,KEN
Philip Ogina,1602,10824723,2004,M,KEN
Prince Isaac Munyua,1536,10875204,2012,M,KEN
Prisca Condity,1476,10824685,1998,F,KEN
Prudence Kimeli,1503,10882260,2007,F,KEN
Rachier Ivy,1660,10834648,1998,F,KEN
"Rai, Subham Shailesh",1720,10801146,1999,M,KEN
"Ramesh, Sanjay",1526,10803661,2007,M,KEN
"Ramesh, Vasanth",1832,10808361,1986,M,KEN
Remmy Frank Mwangi,1671,10812652,1994,M,KEN
Renny Chemai Kipngetich,1597,10833706,1999,M,KEN
Reuben Githaiga,1594,10804285,1998,M,KEN
Riley Matingi,1543,10876529,2014,F,KEN
Rishit Ravat,1924,10817328,2009,M,KEN
Riungu Kevin,1697,10824421,1982,M,KEN
"Rongoey, Allan Victor",1698,10802207,1992,M,KEN
"Ronoh, Ednah",1551,10814990,1992,F,KEN
"Rop, Meshack Kipkemboi",1695,10811346,2001,M,KEN
Rotich Damien Kibet,1586,10846573,2013,M,KEN
Rotich Natasha Cheptoo,1487,10876111,2010,F,KEN
Ruga James,1750,10840290,1995,M,KEN
Rupani Rishan,1443,10827900,2011,M,KEN
Ryan Koyra,1481,10848428,2011,M,KEN
RYAN MAINA,1594,10812741,2004,M,KEN
Sadam Ali Sheikh,1662,10819940,1990,M,KEN
"Sagwa, Hillary",1823,10814850,1991,M,KEN
Sagwe Fred Ondieki,1592,10806172,1980,M,KEN
"Sai, Rajeev Karnam",1612,10801316,1998,M,KEN
Saibala Alfa,1494,10844104,2005,M,KEN
Saitemu Lechuta,1749,10827617,2003,M,KEN
Salma Nkatha Mwenda,1412,10877894,2014,F,KEN
Samantha Kemunto,1455,10877975,2009,F,KEN
SAMUEL KYALO MUITHYA,1536,10813136,2000,M,KEN
Samuel Makumi,1722,10805087,1980,M,KEN
Samuel Ndegwa Kagwi,1665,10805095,2000,M,KEN
"Sanagavarapu, Taran Moudgalya",1460,10810170,2008,M,KEN
"Sang, Ricky",1886,10802185,1983,M,KEN
"Sang, Solomon",1578,10803858,1986,M,KEN
Santina Mucheru,1490,10809074,1990,F,KEN
SARAH MOMANYI MUKEIRA,1444,10813063,2006,F,KEN
Sarah Mukhwana,1420,10802681,2004,F,KEN
Sardana Aseem,1436,10836721,2015,M,KEN
Sarran Mahonye Otieno,1422,10832041,2002,F,KEN
Satya Shroff,1493,10896520,1994,M,KEN
Savinda Wairimu Gitu,1452,10817050,1997,F,KEN
Sawe Allan,1632,10844929,2003,M,KEN
"Schondelmaier, Martin",1480,10832599,1991,M,KEN
Schupp Peter,1522,10818570,1954,M,KEN
Sean Njeru,1532,10878793,2007,M,KEN
Sean Ringera,1404,10878831,2016,M,KEN
"Sengupta, Arjun",1730,10800620,1996,M,KEN
Sennik Aaryan,1511,10838660,2013,M,KEN
Serede Elvis Mugilwa Jnr,1546,10836152,2014,M,KEN
Sesenet Moisari Kantai,1515,10878939,2014,F,KEN
Seseniah Akwe Omari,1545,554000025,2013,F,KEN
"Shafat, Abdi Nasir Mohamed",1891,10811478,1983,M,KEN
Shah Daanish Jeegar,1413,10839224,2016,M,KEN
Shah Hitansh Jeegar,1609,10839100,2012,M,KEN
Shah Krish,1436,10804064,2002,M,KEN
Shah Rheya Tanil,1445,10818286,2007,F,KEN
"Shah, Darshan Samir",1701,10801049,2003,M,KEN
"Shah, Dev Bijesh",1738,10801022,2002,M,KEN
"Shah, Devashri",1458,10809325,2008,F,KEN
"Shah, Dhruv Nishid",1508,10828672,2008,M,KEN
"Shah, Janki Nipul",1463,10810480,2010,F,KEN
"Shah, Janvi Nipul",1412,10810498,2010,F,KEN
"Shah, Krishi",1761,10801057,2003,F,KEN
"Shah, Mayank",1548,10809210,1977,M,KEN
"Shah, Rian Tanil",1420,10818294,2011,M,KEN
"Shah, Riya",1735,10800387,2000,F,KEN
"Shah, Ruhan Dhruv Paresh",1506,10817905,2010,M,KEN
"Shah, Rushab",1663,10800417,1995,M,KEN
"Shah, Shayne Dilip",1528,10817654,2005,M,KEN
"Shah, Shubh Jaideep",1478,10813241,2009,M,KEN
"Shah, Veer Samir",1639,10800751,2001,M,KEN
"Shah, Viraj Bhaveshu",1624,10808094,2005,M,KEN
"Shah, Vyom Kunjal",1435,10810870,2008,M,KEN
Shamte Hussein,1708,10809228,1954,M,KEN
Shannon Bulimo,1568,10833609,2001,F,KEN
Shapwala Paul Okuyo,1690,10843370,2002,M,KEN
Sharille Roberts Wamalwa,1601,10824715,2003,M,KEN
Sharjwok Ajak,1737,10892389,2009,M,KEN
"Sheikh, Mukhtar Nur",1705,10805826,1972,M,KEN
Shikuku Clinton,1769,10828583,1999,M,KEN
Shilalia Grace M,1627,10867503,2002,F,KEN
"Shile, Lenny Mataiga",1936,10808868,1997,M,KEN
"Shile, Lily Robi",1504,10810838,2002,F,KEN
Shir Smit,1536,10835695,1992,M,KEN
Shishundi Terrence,1628,10841369,2004,M,KEN
Shuaib Ishmael,1548,10833277,1996,M,KEN
Shukri Shakirah,1666,10833307,2011,F,KEN
Sidede Israel,1494,10843124,2009,M,KEN
"Sidera, Victor",1652,10803700,1980,M,KEN
"Sijenyi, Stephen Ouma",1901,10800824,1976,M,KEN
Simiyu Alfred,1447,10821732,1991,M,KEN
Simiyu Baraka Daniel,1701,10842810,2008,M,KEN
Simiyu George,1654,10828710,2003,M,KEN
Simiyu Jadon,2129,10824014,2012,M,KEN
Simiyu Jerry,1785,10832513,2008,M,KEN
Simiyu jimmy,1563,10815627,1990,M,KEN
Simiyu Naliaka Vanessa,1539,10827536,2000,F,KEN
"Simiyu, Amos",1849,10802665,1984,M,KEN
"Simons, Willy",1730,10803696,1963,M,KEN
"Singe, Philip Mbawala",1794,10800360,1971,M,KEN
"Sinoya, Evans",1831,10806024,1992,M,KEN
"Sirat, Omar",1772,10803653,1987,M,KEN
"Sitati, Wesley Clyde",1576,10808140,1996,M,KEN
"Siwolo, Oscar",1761,10805290,1980,M,KEN
Skylar Amor,1469,10834729,2013,F,KEN
Sonia Victorius,1431,10845127,2012,F,KEN
"Srungarapu, Bhumija",1489,10801480,2000,F,KEN
Steadfast Njuguna,1636,10802592,1998,M,KEN
"Stefan, Vit",1499,10832050,1986,M,KEN
Stephen Musembi,1816,10880828,2010,M,KEN
Stephen Mutsalali,1629,10820973,1998,M,KEN
Stephen Richard,1611,10832750,2001,M,KEN
"Stephens, Joseph",1579,10811419,1988,M,KEN
Steve Patience,1730,10896465,2002,M,KEN
"Subramaniam, Sunil",1517,10801545,2004,M,KEN
"Sudalaimuthu, Abinesh Lakshwin",1552,10803556,2008,M,KEN
"Sudalaimuthu, Anish Sukumar",1648,10801383,2005,M,KEN
Suiyetto Kemboi Shem,1588,10840109,1999,M,KEN
Symon Kanini Kungu,1450,10899367,2010,M,KEN
Tanui Shawn Kimutai,1577,10866884,2008,M,KEN
Tapiwa Chimbwanda,1783,10833765,1997,M,KEN
Ted Khalwale,1459,10893202,2005,M,KEN
Temoi Patriedge Remi,1705,10827706,1989,M,KEN
Tevin Otieno,1626,10808647,1995,M,KEN
Thiga Jimmy Trevor,1466,10843086,2012,M,KEN
Thiga Mercy,1582,10828850,2002,F,KEN
"Thitu, Winfred",1602,10801790,1984,F,KEN
"Thuku, Nephat Muchiri",1810,10810889,1996,M,KEN
"Thuo, Agnes Gathoni",1537,10803114,1990,F,KEN
Tindi Liam,1435,10839259,2015,M,KEN
Tindi Victor,1522,10834834,2009,M,KEN
Tirth J Thakker,1584,10806717,2000,M,KEN
"Titi, Gilliane Otieno",1468,10801367,2004,F,KEN
Todd James,1594,10835717,1959,M,KEN
Towett Sharon Chelangat,1487,10818626,1997,F,KEN
Trizah Wanjiru,1401,554005108,2009,F,KEN
"Vadrevu, Sravya Gowri",1530,10802630,2001,F,KEN
Valentine Njeri,1616,10821694,1990,F,KEN
Valluri Rusheel,1492,10891099,2011,M,KEN
Vansh Shah,1482,10882340,2010,M,KEN
"Varsani, Reanna Paaras",1583,10801472,2002,F,KEN
"Vengarai, Aravind",1722,46641718,2001,M,KEN
"Veniamin, Negru",1582,10809040,1972,M,KEN
"Villuela, Roberto",1855,10811524,1961,M,KEN
Vincent Muturi Gakere,1543,554009022,1994,M,KEN
Vincent Odhiambo,1762,10801642,1980,M,KEN
Wabala Rudolf,1486,10847618,2013,M,KEN
"Wabuti, Rose",1742,10800530,1982,F,KEN
Wachio Allen Kizito,1537,10833536,2003,M,KEN
Wachira Wilson,1552,10839518,2001,M,KEN
"Wachira, Sospeter",1573,10809490,1991,M,KEN
"Wachira, William Wachania",1711,10800328,1977,M,KEN
Wafula Andrew Mangeni,1813,10869638,1992,M,KEN
Wafula Berry John,1557,10846891,2005,M,KEN
Wafula Samuel,1681,10823166,1999,M,KEN
"Wagah, Martin",1832,10801430,,M,KEN
Waichinga Dennis,1400,10835539,2012,M,KEN
Waiganjo Cyrus Gathura,1701,10828079,1998,M,KEN
Waiganjo Kenneth,1765,10827013,1998,M,KEN
"Wairimu, Faith Kamau",1492,10814876,1999,F,KEN
"Walela, Austin",1875,10801693,1993,M,KEN
Waliuba Michael,1731,10818502,1990,M,KEN
Walukana Adriel,1490,10847650,2013,M,KEN
Wamaitha Rania,1440,10834842,2013,F,KEN
Wambalo Wong,1508,10826556,1997,M,KEN
Wambua Nicholas Mwilu,1469,10842594,2005,M,KEN
"Wambugu, Jane Wanjiru",1664,10800310,1982,F,KEN
Wambui Zipporah,1469,10840362,2012,F,KEN
"Wamugunda, Michael",1643,10809392,1991,M,KEN
Wamwenje Abednego,1471,10844201,2013,M,KEN
Wamwenje Ethan,1514,10844198,2009,M,KEN
"Wanasunia, Elvis Likoko",1952,10815090,2000,M,KEN
"Wanderi, Ebrahim",1617,10808906,1994,M,KEN
"Wandina, Wambugu",1651,10822950,1999,M,KEN
Wangari Esther,1479,10823212,2006,F,KEN
"Wangari, Emma",1689,10802282,1992,F,KEN
"Wangari, Hannah Muthoni",1568,10807349,1994,F,KEN
Wango Joshua,1467,10840451,1996,M,KEN
Wangombe Brian,1705,10815899,1990,M,KEN
Wangombe Mugo,1756,10818510,1975,M,KEN
"Wangombe, Benard",1750,10803505,1996,M,KEN
Wangui Amos,1678,10831916,2000,M,KEN
"Wangui, Rahab",1545,10802932,1990,F,KEN
Wanjala John Walekhwa,1540,10831673,2000,M,KEN
Wanjala Pius,1551,10817409,2006,M,KEN
Wanjala Samuel,1557,10815309,2008,M,KEN
"Wanjala, Benard",1713,10801510,1983,M,KEN
"Wanjala, Dorcus",1551,10802690,2001,F,KEN
Wanjihia Anthony,1598,10837434,1997,M,KEN
Wanjiku Amani,1425,10818863,2010,F,KEN
Wanjiku Amon Mburu,1788,10839739,2000,M,KEN
Wanjiku Bravely Mburu,1601,10842411,2009,M,KEN
Wanjiru Chrisphinus,1778,10835083,2004,M,KEN
"Wanjiru, Lucy",1616,10808590,1997,F,KEN
"Wanjiru, Moses Maina",1743,10801561,1997,M,KEN
Wanjuki Michelle Njeri,1436,10849041,2001,F,KEN
Wanyiri Francis,1633,10820868,1990,M,KEN
Wanyoike Collins Mburu,1817,10827382,2002,M,KEN
Wanyonyi Joshua,1698,10839534,2001,M,KEN
Warimwe David James,1874,10838554,2011,M,KEN
Wario Abdirashid,1402,10829164,2000,M,KEN
Warren Xavier Zesiro,1660,10819908,1990,M,KEN
Waruguru Joy,1457,10837590,2011,F,KEN
Wasonga Floyd,1485,10834818,2013,M,KEN
Waswa Abigael,1495,10831150,2011,F,KEN
Wathimba Bradley,1645,10815317,2010,M,KEN
Waweru Davidson Mugo,1811,10842853,2012,M,KEN
Waweru Muli Martin,1572,10840885,1995,M,KEN
Waweru Stephen,1488,10839895,2000,M,KEN
Waweru Trevor Kipngetich,1504,10842870,2014,M,KEN
"Waweru, Austin Gathii",1660,10806814,2000,M,KEN
"Waweru, Brian Kariuki",1743,10801553,1999,M,KEN
"Waweru, David Macharia",1750,10802177,1991,M,KEN
"Waweru, Julius",1642,10809422,1991,M,KEN
"Waweru, Rebecca Nyamahiga",1483,10801294,1997,F,KEN
Wayne Joe Njarumi,1706,10882359,2011,M,KEN
"Wayodi, Patrick",1736,10812458,1979,M,KEN
"Wayuyu, Ann",1471,10803530,1980,F,KEN
Wema Dylan,1523,10841636,2014,M,KEN
Wendoh Brianna Brandy,1435,10834613,2012,F,KEN
"Weru, Peniel",1696,10800050,1997,M,KEN
Willy Namwamba,1623,10892710,2010,M,KEN
Wilson Nyangweso,1665,10808710,1994,M,KEN
Winnie Opiyo,1419,10882294,2006,F,KEN
Wiseman Collins Ochieng,1756,10896473,2002,M,KEN
Wisley Oriki,1701,10892699,2005,M,KEN
Witness Dhliwayo,1672,554000149,2001,M,KEN
Wut Buol Wut,1737,10833544,1999,M,KEN
Yala Felix,1680,10824057,1996,M,KEN
Yashmith Ram Chaikam,1757,10833358,2014,M,KEN
Yator Mugo Waikwa,1452,10884890,2014,M,KEN
Yaya Brian,1527,10837752,1998,M,KEN
Yoshi John,1642,10821856,2002,M,KEN
Yoshida Akira,1594,10839720,2009,M,KEN
"Young, Collins",1745,10801391,1969,M,KEN
Zachary Muthinji,1765,10805648,1979,M,KEN
Zamir zayan,1579,10827099,2007,M,KEN
